0091608414,Schools for the boys? : co-education reassessed
0091729718,No problem here : a practical approach to education and 'race' in white schools
9971848708,Tropical urban regionalism : building in a South-east Asian city
0855202971,Terrorism : a challenge to the state
0852925115,Total quality : success through people
185381590X,Daughters of decadence : women writers of the Fin de Si√®cle
0893030511,Nursing ethics : theories and pragmatics
0894351079,Humanizing office automation : the impact of ergonomics on productivity
0910251290,A leisure of one's own : a feminist perspective on women's leisure
086339146X,Adequacy of description : the validity of qualitative finding
1857280016,Surveys in social research
1560006722,American anxieties : a collective portrait of the 1930s
0904425010,The sociology of the National Health Service
0870550705,Food Packaging : A guide for the supplier  processor  and distributor
0872010740,The adult learner : a neglected species
1871479037,The Orkney child abuse scandal : suffer the little children
1873882084,Business education in the secondary school : a CTC response
1874235082,Exhibition Centre Villa Erba  Cernobbio : architect Mario Bellini = Centro Internazionale Esposizioni e Congressi  Villa Erba  Cernobbio
0116705809,Common defects in buildings
0138804281,System dynamics
0140222316,Sixteenth-century England
0140440887,Buddhist scriptures
0140806911,Social anarchism
0192181629,Race  community  and conflict : a study of Sparkbrook
0193163047,The New Oxford history of music. Age of humanism 1540-1630
0194327108,A training course for TEFL
0198200870,North-eastern England during the Wars of the Roses : lay society  war and politics  1450-1500
0198271964,Karl Marx's theory of history : a defenc
0198282907,The managed economy : essays in British economic policy and performance since 1929
0201066734,Algorithms
0201175584,Electronics : a systems approach
0201178206,Production management systems : a CIM perspective
0224013149,Particulars of my life
0240508327,Graphic effects by photography
0241905931,Silent spring
0255362633,The emerging British underclass
0256014329,Communication and organizational behavior : text and case
0289705967,Design for ballet
028970846X,The art & craft of handmade paper
0297769561,The Edwardians : the remaking of British society
029778403X,The music makers : heirs and rebels of the English musical renaissance  Edward Elgar to Benjamin Britten
0304322180,The management of innovation and design
0043350372,Political economy and Soviet socialism
0050019422,Electrical power systems
0050028685,An introduction to soil science
0063181088,Person to person : ways of communicating
0070365652,How to run a small business
0080128181,Verbal conditioning and behaviou
0749261013,Design : principles and practice / Product planning and the design brief : the evaluation and specification of consumer products
0714107557,Catalogue of political and personal satires preserved in the Department of Prints and Drawings in the British Museu
0709900457,Marx's theory of ideology
0749412011,The European Community : a guide through the maze
0632020164,Experimental organic chemistry : principles and practice
0582422450,Government and politics at work in Britain
0669846570,The making of modern Japa
0415038812,Feminism and the power of law
041504636X,The development of imagination : the private worlds of childhood
0851172431,The causes of wars : and other essays
0500340854,Interior views
0571146279,The market for glory : Fleet Street ownership in the twentieth century
0571151965,Collected poems
071313660X,Advanced vehicle technology
0471624950,Sales management : concepts and case
0727301179,Automotive fuels and fuel systems : fuels  tanks  fuel delivery  metering  air charge augmentation  mixing  combustion and environmental considerations / Diese
0716100681,Total distribution : a framework for analysis  costing and contro
0729101460,Sociology in the professions
0471829218,Robust statistics : the approach based on influence functions
041610780X,Society and education in England since 180
0460031783,Beethoven
0716714094,Powers of ten : a book about the relative size of things in the universe and the effect of adding another zero
0631126414,Rules and representations
0713405694,Musical instruments of the wes
0460042394,Life & tradition in West Yorkshire
0471906751,Diagnosing the system : for organizations
0471908754,Dyslexia : its neuropsychology and treatment
0460126032,Messiaen
0691076286,Power and ideology in Brazil
0416337406,Help for dyslexic children
0803982097,Feminist groupwork
0803985592,Growing up and growing old : ageing and dependency in the life course
0713445084,Language in multicultural classrooms
0704343827,The lesbian heresy : a feminist perspective on the lesbianrevolution
0847811360,Post-modern design
0847814319,Eric Owen Moss : buildings and projects ; preface  Philip Johnson ; introduction  Wolf D. Pri
0433001526,Health in the inner city
0415040132,The cultural construction of sexuality
0340536950,Media education
034053740X,Food poisoning and food hygiene
0333150643,Liszt
0333344391,One of us : a biography of Margaret Thatcher
0333376722,Student supervision
0333457005,Building maintenance
0333486382,Freud : a life for our time
0333487788,Study skills
0370002571,An approach to Shakespear
0408025409,Introduction to building management
0412095904,Journal bearings in turbomachinery
0412476401,Introduction to thermodynamics
